{
  "Total" : {
    "transaction" : "Total",
    "sampleCount" : 1500,
    "errorCount" : 925,
    "errorPct" : 61.666668,
    "meanResTime" : 9277.40266666667,
    "minResTime" : 582.0,
    "maxResTime" : 30099.0,
    "pct1ResTime" : 15271.400000000001,
    "pct2ResTime" : 16726.85,
    "pct3ResTime" : 24687.71000000001,
    "throughput" : 36.08545034642032,
    "receivedKBytesPerSec" : 652.7452946076309,
    "sentKBytesPerSec" : 8.660061713637894
  },
  "HTTP Request" : {
    "transaction" : "HTTP Request",
    "sampleCount" : 1500,
    "errorCount" : 925,
    "errorPct" : 61.666668,
    "meanResTime" : 9277.40266666667,
    "minResTime" : 582.0,
    "maxResTime" : 30099.0,
    "pct1ResTime" : 15271.400000000001,
    "pct2ResTime" : 16726.85,
    "pct3ResTime" : 24687.71000000001,
    "throughput" : 36.08545034642032,
    "receivedKBytesPerSec" : 652.7452946076309,
    "sentKBytesPerSec" : 8.660061713637894
  }
}