{
  "Total" : {
    "transaction" : "Total",
    "sampleCount" : 1500,
    "errorCount" : 880,
    "errorPct" : 58.666668,
    "meanResTime" : 21018.455999999973,
    "minResTime" : 2384.0,
    "maxResTime" : 52834.0,
    "pct1ResTime" : 39875.70000000001,
    "pct2ResTime" : 42790.100000000006,
    "pct3ResTime" : 48057.780000000006,
    "throughput" : 26.520040310461273,
    "receivedKBytesPerSec" : 798.6853380642139,
    "sentKBytesPerSec" : 6.36738225654603
  },
  "HTTP Request" : {
    "transaction" : "HTTP Request",
    "sampleCount" : 1500,
    "errorCount" : 880,
    "errorPct" : 58.666668,
    "meanResTime" : 21018.455999999973,
    "minResTime" : 2384.0,
    "maxResTime" : 52834.0,
    "pct1ResTime" : 39875.70000000001,
    "pct2ResTime" : 42790.100000000006,
    "pct3ResTime" : 48057.780000000006,
    "throughput" : 26.520040310461273,
    "receivedKBytesPerSec" : 798.6853380642139,
    "sentKBytesPerSec" : 6.36738225654603
  }
}