{
  "Total" : {
    "transaction" : "Total",
    "sampleCount" : 1500,
    "errorCount" : 739,
    "errorPct" : 49.266666,
    "meanResTime" : 27602.499333333384,
    "minResTime" : 2272.0,
    "maxResTime" : 114961.0,
    "pct1ResTime" : 52387.600000000006,
    "pct2ResTime" : 60868.450000000004,
    "pct3ResTime" : 102876.54000000001,
    "throughput" : 12.608750472828143,
    "receivedKBytesPerSec" : 945.3340153222587,
    "sentKBytesPerSec" : 3.019450967721599
  },
  "HTTP Request" : {
    "transaction" : "HTTP Request",
    "sampleCount" : 1500,
    "errorCount" : 739,
    "errorPct" : 49.266666,
    "meanResTime" : 27602.499333333384,
    "minResTime" : 2272.0,
    "maxResTime" : 114961.0,
    "pct1ResTime" : 52387.600000000006,
    "pct2ResTime" : 60868.450000000004,
    "pct3ResTime" : 102876.54000000001,
    "throughput" : 12.608750472828143,
    "receivedKBytesPerSec" : 945.3340153222587,
    "sentKBytesPerSec" : 3.019450967721599
  }
}